admin,@created@,2025-05-21 17:30:57
test,@joined@,2025-05-21 18:04:22
test,@joined@,2025-05-21 18:11:36
test,@joined@,2025-05-21 18:15:18
test,@joined@,2025-05-21 18:20:59
test,@joined@,2025-05-21 18:22:52
test,@joined@,2025-05-21 18:23:56
test,@joined@,2025-05-21 18:25:29
test,@joined@,2025-05-21 18:28:03
test,@joined@,2025-05-21 18:33:08
test,@joined@,2025-05-21 18:34:09
test,@joined@,2025-05-21 18:34:49
test,@joined@,2025-05-21 18:35:24
test,@joined@,2025-05-21 18:37:41
test2,@joined@,2025-05-21 18:38:16
test,@joined@,2025-05-21 18:40:08
test,@joined@,2025-05-21 18:40:52
test,@joined@,2025-05-21 18:46:44
test,@joined@,2025-05-21 18:50:09
test2,@joined@,2025-05-21 18:50:27
test,@joined@,2025-05-21 18:58:04
test,@joined@,2025-05-21 18:59:42
test,@joined@,2025-05-21 19:00:28
test,@joined@,2025-05-21 19:17:03
test,@left@,2025-05-21 19:18:32
test,@joined@,2025-05-21 19:22:46
test,@left@,2025-05-21 19:22:56
test,@joined@,2025-05-21 19:27:36
test,@left@,2025-05-21 19:27:44
test,@joined@,2025-05-21 19:33:45
test,@left@,2025-05-21 19:33:53
test2,@joined@,2025-05-21 19:34:17
test,@joined@,2025-05-21 19:39:59
test : vnfjkvfdjk,2025-05-21 19:40:00
test,@joined@,2025-05-21 19:42:07
test,vfbdhjvfdjk,2025-05-21 19:42:08
test,@left@,2025-05-21 19:42:26
test2,@joined@,2025-05-21 19:43:10
test2,njkvdjkvnfdk,2025-05-21 19:43:28
test2,@left@,2025-05-21 19:43:36
test,@joined@,2025-05-21 19:57:01
test,@joined@,2025-05-21 19:57:37
test,fdkjfdkj,2025-05-21 19:57:45
test,@left@,2025-05-21 19:57:51
test,@joined@,2025-05-22 21:06:07
nabil,@joined@,2025-05-22 21:06:26
Max,@joined@,2025-05-22 21:08:53
Max,bvdfjvfkj,2025-05-22 21:08:55
Max,@joined@,2025-05-22 21:09:55
Max,fvhbdbfjv,2025-05-22 21:09:58
test,@joined@,2025-05-22 21:10:09
nabil,@joined@,2025-05-22 21:10:19
test,vbhjbvfhd,2025-05-22 21:10:22
nabil,ebvfhbfj,2025-05-22 21:10:25
Max,@left@,2025-05-22 21:13:01
test,@left@,2025-05-22 21:13:30
Max,@joined@,2025-05-22 21:15:58
Max,@left@,2025-05-22 21:16:08
test,@joined@,2025-05-22 21:20:38
test,@joined@,2025-05-22 21:26:24
test,@joined@,2025-05-22 21:27:09
test,@joined@,2025-05-22 21:28:06
test,@joined@,2025-05-22 21:30:25
nabil,@joined@,2025-05-22 23:55:17
nabil,ksjhefl,2025-05-22 23:55:19
nabil,@joined@,2025-05-23 00:12:14
nabil3,@joined@,2025-05-23 00:12:56
nabil,@joined@,2025-05-23 00:18:07
nabil,@list,2025-05-23 00:18:09
nabil,@joined@,2025-05-23 00:25:39
